{"cameraMode":{"drawMode":0,"name":"Shaded","section":"Shading Mode"},"sceneLighting":true,"audioPlay":false,"sceneViewState":{"m_AlwaysRefresh":false,"showFog":true,"showSkybox":true,"showFlares":true,"showImageEffects":true,"showParticleSystems":true,"showVisualEffectGraphs":true,"m_FxEnabled":true},"in2DMode":false,"pivot":{"x":0.17939051985740663,"y":4.715044975280762,"z":-4.603696346282959},"rotation":{"x":-0.3665788471698761,"y":0.007780622690916061,"z":-0.0031603991519659759,"w":-0.9304577112197876},"size":6.453489303588867,"orthographic":true}